{
  "text": [
    {
      "question": "What is the main limitation of the standard desirable gambles framework?",
      "answer": "The standard desirable gambles framework relies on linear utility through its coherence axioms, which fails to capture the impact of multiplicative dynamics in intertemporal choice and repeated gambles."
    },
    {
      "question": "How does the nonlinear combination operator introduced in this study work?",
      "answer": "The nonlinear combination operator aggregates repeated gambles in the log-domain using the formula (1 + f)(1 + g) - 1, preserving the time-average (geometric) growth rate and addressing the ergodicity problem."
    },
    {
      "question": "What is the ergodicity problem in the context of multiplicative dynamics?",
      "answer": "The ergodicity problem arises when the arithmetic mean of returns does not reflect the long-run growth of wealth in a sequential decision-making process. The time-average growth rate, rather than expected value, provides a more accurate evaluation in such cases."
    },
    {
      "question": "Why is the logarithmic transformation particularly relevant in this framework?",
      "answer": "The logarithmic transformation emerges as the unique operator that simultaneously preserves function coherence in the transformed space, maintains the time-average geometric growth rate, and ensures additivity of sequential risks in the log-domain."
    },
    {
      "question": "How does this framework improve portfolio management and risk assessment?",
      "answer": "The framework naturally captures phenomena like volatility drag and the asymmetric impact of gains and losses, providing a more accurate risk assessment compared to traditional expected-value-based approaches in long-horizon decision problems."
    },
    {
      "question": "What is the main objective of the study on markets for models?",
      "answer": "The study analyzes how firms sell predictive models to consumers, how market structure is influenced by the statistical properties of models, and how competition shapes pricing and model selection."
    },
    {
      "question": "How do firms decide which models to sell in the marketplace?",
      "answer": "Firms decide whether to enter the market, choose models based on their training data, and set prices. They may also strategically choose biased models to deter competition and maximize profits."
    },
    {
      "question": "What role does the bias-variance decomposition play in market outcomes?",
      "answer": "Market outcomes can be expressed in terms of the bias-variance decomposition of models, affecting consumer choices, firm profits, and competitive dynamics in the marketplace."
    },
    {
      "question": "Why might firms choose inefficiently biased models?",
      "answer": "Firms may deliberately introduce bias into their models to deter competition or to extract more profit from consumers, leading to inefficient market structures and suboptimal model selection."
    },
    {
      "question": "How does increasing the number of predictors in high-dimensional regression affect market entry?",
      "answer": "Market entry varies non-monotonically with the number of predictors; initially, more predictors encourage entry, but at a certain point, higher dimensionality increases variance and leads to industry shakeout."
    },
    {
      "question": "What is the main objective of the study?",
      "answer": "The study provides an alternate proof for the existence of Walrasian equilibrium and its lattice structure using Tarski’s fixed point theorem in a two-sided matching market."
    },
    {
      "question": "What kind of markets does the two-sided matching model represent?",
      "answer": "The model represents markets where buyers and sellers trade indivisible goods, such as labor markets (matching workers with jobs) and marriage markets (with dowry as side payments)."
    },
    {
      "question": "What role does Tarski’s fixed point theorem play in the study?",
      "answer": "Tarski’s fixed point theorem is used to construct a price-adjusting function whose fixed points coincide with Walrasian equilibrium price vectors, proving that these vectors form a complete lattice."
    },
    {
      "question": "How does the price-adjusting function contribute to the proof of Walrasian equilibrium?",
      "answer": "The price-adjusting function ensures monotonicity and maps prices to a complete lattice, allowing the use of Tarski’s theorem to establish the existence and structure of equilibrium prices."
    },
    {
      "question": "What are the implications of proving the lattice structure of Walrasian equilibrium prices?",
      "answer": "The results confirm that equilibrium price vectors follow a structured order, which helps in better understanding price stability, market efficiency, and competitive equilibrium in two-sided matching markets."
    },
    {
      "question": "What is the main focus of the paper by Itzhak Rasooly and Roberto Rozzi?",
      "answer": "The paper conducts a large-scale field experiment to investigate the manipulability of prediction markets, specifically by randomly shocking prices across 817 separate markets on the Manifold platform and examining whether these effects persist over time."
    },
    {
      "question": "What are the key findings regarding the manipulability of prediction markets from the experiment?",
      "answer": "The experiment finds that prediction markets can be manipulated, with effects visible even 60 days after the trades. However, these effects somewhat fade over time due to behavioral responses of subsequent traders, and markets with more traders, greater trading volume, and external probability estimates are harder to manipulate."
    },
    {
      "question": "How does the theoretical model in the paper predict the impact of manipulative trades?",
      "answer": "The model predicts that manipulation can systematically affect market prices in both the short and long run due to behavioral adjustments and learning effects. It also predicts partial reversion of prices towards their original values by future trades, with the degree of reversion varying by market type, such as those with more traders being harder to manipulate."
    },
    {
      "question": "What experimental design was used to test the manipulability of prediction markets?",
      "answer": "The experiment involved randomly assigning 817 markets on the Manifold platform to either a 'yes' group (price increased by 5 percentage points), a 'no' group (price decreased by 5 percentage points), or a control group (no action), then collecting hourly price data over 30 days and a snapshot after 60 days to observe persistence and reversion."
    },
    {
      "question": "How does the Manifold Markets platform differ from traditional prediction markets?",
      "answer": "Manifold Markets, founded in 2021, is unusual because most markets are user-created and user-resolved, it provides rich data on market characteristics, a large portion of trade is conducted by bots, and it uses a platform-specific currency called 'Mana' that can be donated to charity but not converted back to dollars, relying on a mix of financial, social, and self-image incentives."
    },
    {
      "question": "What is the primary objective of the study conducted by Şükrü C. Demirtaş?",
      "answer": "The study empirically examines the relationship between foreign trade in the Istanbul Atatürk Airport Free Zone and exchange rate movements, using monthly data from 2003 to 2016, to determine if exchange rate fluctuations significantly affect imports and exports in the free zone."
    },
    {
      "question": "What methodologies were used to analyze the data in the study?",
      "answer": "The study employed stationarity tests (Augmented Dickey-Fuller Unit Root Test), a Vector Autoregressive (VAR) model, Johansen Cointegration Analysis, and the Toda-Yamamoto Causality Test to analyze the relationship between exchange rates and free zone trade variables."
    },
    {
      "question": "What were the key findings regarding the impact of exchange rates on free zone trade?",
      "answer": "The findings indicate that the exchange rate does not significantly affect imports and exports in the Istanbul Atatürk Airport Free Zone, suggesting that free zones may be relatively insulated from exchange rate fluctuations due to their structural and operational characteristics."
    },
    {
      "question": "How did the study ensure the stability and appropriateness of the VAR model used in the analysis?",
      "answer": "The study determined the optimal lag length of 3 using criteria such as Akaike Information Criterion (AIC), Schwarz Criterion (SC), and Hannan-Quinn Criterion (HQ), confirmed model stability with all inverse roots of the AR characteristic polynomial lying within the unit circle (modulus < 1), and verified no autocorrelation in residuals using the Autocorrelation LM test."
    },
    {
      "question": "What conclusions were drawn about the relationship between exchange rates and trade variables in the free zone?",
      "answer": "The study concluded that there is no cointegration or significant causality from the exchange rate to exports and imports in the Atatürk Airport Free Zone, highlighting the potential independence of free zone trade from exchange rate volatility and suggesting the need for further investigation with alternative methods."
    },
    {
      "question": "What is the main focus of the study by Xiaoyu Chen, Jingmin Huang, and Yibo Lian?",
      "answer": "The study investigates how a platform's search algorithm, which maps prices to search order, influences sellers' pricing decisions and consumer search behavior in a sequential search framework, generalizing the ordered search literature by characterizing implementable prices and optimal contracts under various objectives."
    },
    {
      "question": "What are 'contracts' in the context of this study, and why are they significant?",
      "answer": "'Contracts' are a special class of search algorithms defined as tuples specifying sellers' prices and search orders, penalizing non-compliant sellers by ranking them second. They are significant because they implement all possible equilibrium prices (Proposition 1), akin to the revelation principle, allowing the study to focus on them to characterize the set of implementable prices."
    },
    {
      "question": "How does the study characterize the set of implementable prices?",
      "answer": "The set of implementable prices (P) is characterized as compact, convex, and symmetric about the line p1 = p2 under Assumptions 1 (uniform distribution) and 2 (low search cost), defined by the condition that the sum of sellers' virtual demands plus F(p1)F(p2) does not exceed 1, with higher search costs expanding the set (Proposition 3)."
    },
    {
      "question": "What is the seller-optimal contract according to the study, and how does it vary with search costs?",
      "answer": "The seller-optimal contract maximizes industry profit; when search costs exceed a threshold (p̄ > p*), it features asymmetric prices with one seller prominent (e.g., α = 1 or 0), resembling the first-best outcome, but when below the threshold (p̄ ≤ p*), it induces symmetric highest possible prices with random search (α = 1/2) (Theorem 1)."
    },
    {
      "question": "How do consumer-optimal and socially optimal contracts differ from the seller-optimal contract?",
      "answer": "Consumer-optimal and socially optimal contracts both favor lower symmetric prices (at point (p̲, p̲)) with random search (α = 1/2) to maximize consumer surplus and social welfare, respectively, opposing the seller-optimal contract’s push for higher prices to maximize industry profit, highlighting a misalignment of platform incentives with societal goals (Propositions 5 and 6)."
    },
    {
      "question": "What is the primary focus of Maximilian Schaefer's study?",
      "answer": "The study examines how prediction accuracy, measured by the mean squared error (MSE), changes as the number of predictor variables (K) increases in a multivariate normal distribution framework, showing that adding variables can lead to globally increasing returns to scale when the mean correlation between variables is zero, with the speed of learning tied to the variance of the correlation distribution."
    },
    {
      "question": "What happens to prediction accuracy when the correlation distribution has a mean of zero?",
      "answer": "When the correlation distribution has a mean of zero and variables follow a multivariate normal distribution, the expected MSE is a strictly decreasing and concave function of the number of predictor variables, implying globally increasing returns to scale in prediction accuracy, with the rate of improvement governed positively by the variance of the correlations (Proposition 1)."
    },
    {
      "question": "How does the study address correlation distributions with a non-zero mean?",
      "answer": "For non-zero mean correlation distributions, the study uses simulations with a truncated Student's t-distribution, revealing a pattern of initial decreasing returns followed by increasing returns to scale as variables accumulate, driven by initial collinearity among predictors that diminishes as more variables are added, except in degenerate cases with near-zero variance where decreasing returns persist."
    },
    {
      "question": "What empirical evidence does Schaefer provide using the MovieLens 1M dataset?",
      "answer": "Schaefer trains a collaborative filtering SVD algorithm on the MovieLens 1M dataset, evaluating RMSE as the number of movies with at least 100 ratings increases up to 2,000, finding globally increasing returns to scale, consistent with the theoretical prediction that additional variables enhance prediction accuracy significantly in a realistic setting."
    },
    {
      "question": "How do the findings relate to competition policy in data-driven markets?",
      "answer": "The findings of increasing returns to scale in the K-dimension suggest that large data troves provide significant prediction accuracy advantages, potentially creating barriers to entry and supporting arguments for policies like mandatory data-sharing to address market power in data-driven industries, contrasting with the traditional view of decreasing returns in the N-dimension."
    },
    {
      "question": "What is the main contribution of Lirong Xia's linear framework for multi-winner voting?",
      "answer": "Lirong Xia introduces a general linear framework that unifies the study of multi-winner voting rules and proportionality axioms, showing that many prominent rules (e.g., Thiele methods, sequential variants, and approval-based committee scoring rules) and axioms (e.g., JR, EJR, and core stability) are linear, enabling the use of PAC learning theory to establish sample complexity bounds and likelihood analysis under extended distributions."
    },
    {
      "question": "How does the paper utilize PAC learning theory in the context of multi-winner voting?",
      "answer": "The paper leverages PAC learning theory to establish near-optimal upper bounds on the sample complexity of learning linear mappings, such as Thiele methods and GST axioms, by bounding their Natarajan dimensions, which determine the number of samples needed to learn these rules and axioms with high accuracy and confidence (Section 4)."
    },
    {
      "question": "What is a key finding regarding the linearity of voting rules and axioms?",
      "answer": "A key finding is that many existing approval-based committee (ABC) rules, like generalized approval-based committee scoring (GABCS) rules and their sequential variants, and proportionality axioms, such as JR, EJR, PJR, and CORE, are linear mappings, defined by a finite set of hyperplanes and a decision function based on the histogram's position relative to these hyperplanes (Theorems 1-4)."
    },
    {
      "question": "What does the likelihood analysis reveal about Thiele methods under independent approval distributions?",
      "answer": "The likelihood analysis shows that under independent approval distributions generalizing Impartial Culture, any Thiele method is resolute (selects a unique committee) with high probability (Theorem 14), and satisfies CORE with high probability (Theorem 18), while CORE is non-empty with high probability (Theorem 16), highlighting robust properties in probabilistic settings."
    },
    {
      "question": "How does the paper address the relationship between CORE and JR axioms in specific scenarios?",
      "answer": "The paper demonstrates that for certain parameter settings (e.g., m ≥ 4, k ≥ 3, and a specific probability vector), JR does not imply CORE with high probability (Proposition 2), as there exists a profile where a committee satisfies JR but not CORE, indicating that CORE can be strictly stronger than JR under tailored distributions."
    },
    {
      "question": "What is the primary argument made by Kolesár, Müller, and Roelsgaard regarding sparsity-based estimators (SBEs) in linear regression?",
      "answer": "The authors argue that SBEs, which rely on the assumption of sparsity, are fragile in two key ways: first, they are sensitive to linear reparametrizations of the control matrix (e.g., choice of baseline category for categorical variables), leading to estimate variations as large as two standard errors; second, the sparsity assumption itself is often implausible and rejected by statistical tests in empirical applications, suggesting that OLS is a more robust default unless the number of regressors is close to or exceeds the sample size."
    },
    {
      "question": "How do the authors demonstrate the fragility of SBEs to normalization choices in their empirical applications?",
      "answer": "In three empirical applications—Belloni et al. (2014) on abortion and crime, Ferrara (2022) on Black occupational upgrading, and Enke (2020) on moral values and voting—they show that changing normalizations, such as which collinear columns are dropped or how baseline controls are centered before taking powers and interactions, can shift SBE estimates by 1.2 to over three standard errors, as detailed in Tables 1 and 2, while OLS estimates remain unaffected."
    },
    {
      "question": "What are the two statistical tests developed by the authors to assess the sparsity assumption, and what do they find?",
      "answer": "The authors develop a residual test, comparing OLS and lasso residual sums of squares, and a Hausman test, comparing SBE and OLS estimates for consistency under sparsity. In Section 5, both tests tend to reject the sparsity assumption in the baseline specifications of all three empirical applications, and often no normalization avoids rejection, indicating that sparsity may not hold generally."
    },
    {
      "question": "What theoretical insight do the authors provide about the likelihood of achieving a sparse representation through random normalization?",
      "answer": "In Section 3, through thought experiments involving rotations, categorical data, and polynomial offsets, they show that sparse representations are rare. For example, Theorem 1 quantifies that the probability of a random rotation yielding an approximately sparse model is logarithmically of order $-\frac{p}{4} log p$, suggesting that default or random control matrix choices are unlikely to satisfy sparsity assumptions."
    },
    {
      "question": "What practical recommendation do the authors offer for applied researchers based on their efficiency analysis of SBEs versus OLS?",
      "answer": "In Section 4, they find that when the number of regressors $p$ is proportional to but less than the sample size $n$, the variance reduction of SBEs over OLS is capped at $1 - p/n$ under homoskedasticity, implying little efficiency gain. They recommend using OLS as a robust default unless $p$ approaches or exceeds $n$, provided standard errors are adjusted for high-dimensional controls, as SBEs require a substantive defense of sparsity that is often lacking."
    }
  ]
}
